Date,Region,ProductCategory,Price,UnitsSold,MarketingSpend,CustomerSatisfaction,Sales,ProfitMargin,Profit
2023-01-02,South America,Accessories,30.91,161,2875.0,4.13,5218.55,0.44,2296.16
2023-01-02,Europe,Office Supplies,22.34,175,3453.9,4.63,4104.93,0.07,287.35
2023-01-02,South America,Electronics,191.68,49,8442.12,4.53,9732.33,0.14,1362.53
2023-01-05,North America,Electronics,169.02,40,11747.54,4.04,6716.54,0.18,1208.98
2023-01-05,Asia,Office Supplies,25.24,165,2444.51,4.54,4152.52,0.13,539.83
2023-01-09,Europe,Home Decor,91.62,34,4289.43,4.15,3257.27,0.17,553.74
2023-01-09,Europe,Furniture,325.66,14,6751.66,4.2,4801.37,0.25,1200.34
2023-01-12,South America,Electronics,203.42,54,8887.7,3.85,10562.25,0.17,1795.58
2023-01-14,Europe,Home Decor,96.39,33,4635.4,4.38,3179.99,0.18,572.4
2023-01-15,Africa,Clothing,52.09,103,5829.38,3.91,5283.96,0.33,1743.71
2023-01-15,Europe,Clothing,49.37,90,6268.62,4.05,4928.21,0.33,1626.31
2023-01-16,South America,Clothing,52.09,76,4408.99,4.36,4141.66,0.33,1366.75
2023-01-17,Europe,Home Decor,102.77,44,3593.82,3.93,4820.34,0.16,771.25
2023-01-18,Asia,Electronics,190.22,38,7715.32,4.81,6890.18,0.12,826.82
2023-01-19,Europe,Clothing,50.95,91,2894.89,4.16,4683.97,0.3,1405.19
2023-01-20,Europe,Office Supplies,25.21,173,2493.68,4.44,4811.43,0.09,433.03
2023-01-21,North America,Electronics,150.63,46,11179.05,4.23,7531.07,0.15,1129.66
2023-01-21,Asia,Office Supplies,21.94,172,2740.3,4.55,3921.96,0.12,470.64
2023-01-22,South America,Accessories,28.5,140,3827.34,4.82,3979.9,0.4,1591.96
2023-01-22,North America,Accessories,27.57,137,3084.93,4.3,4017.75,0.31,1245.5
2023-01-23,Europe,Office Supplies,24.8,182,2400.17,4.23,4679.94,0.09,421.19
2023-01-25,Africa,Home Decor,96.61,41,4117.88,4.65,4253.24,0.17,723.05
2023-01-27,Europe,Electronics,250.87,39,9176.29,3.57,10126.55,0.15,1518.98
2023-01-28,South America,Furniture,371.19,22,8721.18,4.23,8329.04,0.21,1749.1
2023-01-28,North America,Clothing,56.03,85,5568.71,4.42,5320.23,0.34,1808.88
2023-01-29,Europe,Home Decor,101.5,37,3810.85,4.13,3480.17,0.2,696.03
2023-02-02,South America,Home Decor,98.73,45,3449.13,3.91,4495.29,0.16,719.25
2023-02-02,Africa,Electronics,196.04,52,8903.77,3.76,10735.17,0.13,1395.57
2023-02-04,Africa,Clothing,51.76,87,4718.93,4.25,4421.4,0.29,1282.21
2023-02-04,North America,Clothing,54.28,91,4542.84,4.1,5019.49,0.35,1756.82
2023-02-05,South America,Furniture,345.8,24,8503.28,3.88,7899.3,0.17,1342.88
2023-02-05,South America,Electronics,184.42,39,11507.25,3.75,7880.91,0.14,1103.33
2023-02-06,South America,Home Decor,101.63,42,3423.79,3.74,4393.05,0.21,922.54
2023-02-06,North America,Clothing,49.48,73,4359.27,3.94,3594.93,0.36,1294.17
2023-02-06,South America,Clothing,50.35,81,4774.9,3.88,4390.53,0.4,1756.21
2023-02-07,North America,Electronics,172.39,46,11221.8,3.63,8007.93,0.16,1281.27
2023-02-08,South America,Electronics,199.67,49,10332.47,3.85,10461.57,0.16,1673.85
2023-02-08,North America,Electronics,224.05,48,9615.56,3.74,9390.82,0.15,1408.62
2023-02-10,North America,Furniture,303.91,20,9324.16,4.07,6324.21,0.29,1834.02
2023-02-10,Europe,Electronics,208.86,44,11921.4,3.57,9836.63,0.2,1967.33
2023-02-11,North America,Accessories,27.89,139,2953.71,4.2,4093.39,0.3,1228.02
2023-02-12,North America,Accessories,30.09,156,3758.26,4.06,5210.98,0.42,2188.61
2023-02-15,South America,Accessories,30.86,131,2734.8,4.33,3940.48,0.26,1024.52
2023-02-16,Europe,Home Decor,122.96,34,3393.23,3.87,4383.99,0.23,1008.32
2023-02-16,South America,Electronics,196.28,47,9298.23,4.2,9813.89,0.15,1472.08
2023-02-17,Africa,Electronics,192.4,46,10082.91,2.83,9402.45,0.12,1128.29
2023-02-18,Europe,Office Supplies,25.91,159,2425.48,4.49,4401.91,0.05,220.1
2023-02-20,South America,Clothing,56.97,97,3673.8,4.18,5584.29,0.34,1898.66
2023-02-22,South America,Furniture,338.14,26,8686.96,3.05,9650.79,0.15,1447.62
2023-02-22,South America,Electronics,208.51,46,12195.54,4.19,8967.0,0.11,986.37
2023-02-22,Asia,Office Supplies,25.88,187,2647.17,4.49,4843.37,0.13,629.64
2023-02-23,Europe,Office Supplies,25.09,151,2161.94,4.4,3678.0,0.05,183.9
2023-02-23,North America,Clothing,48.19,97,5651.35,3.91,5099.87,0.35,1784.95
2023-02-27,South America,Electronics,176.69,41,12159.36,3.33,7700.03,0.18,1386.01
2023-02-27,Africa,Home Decor,101.32,32,4927.39,4.5,3385.1,0.2,677.02
2023-02-28,Europe,Home Decor,93.14,46,4067.25,3.86,4685.86,0.17,796.6
2023-03-03,Asia,Electronics,189.43,51,10511.66,3.54,9960.31,0.12,1195.24
2023-03-04,North America,Home Decor,109.35,47,3219.54,3.97,5362.18,0.25,1340.55
2023-03-06,South America,Home Decor,94.33,28,4298.66,3.55,2943.25,0.16,470.92
2023-03-10,Africa,Clothing,54.91,77,6814.01,4.26,4084.5,0.33,1347.88
2023-03-10,Europe,Home Decor,115.58,29,4057.49,4.67,3638.18,0.24,873.16
2023-03-11,Asia,Electronics,188.4,41,12917.28,3.61,8652.35,0.13,1124.81
2023-03-13,Asia,Furniture,405.33,21,8317.91,4.32,8123.3,0.27,2193.29
2023-03-15,North America,Home Decor,115.57,28,4704.93,3.76,3363.65,0.2,672.73
2023-03-16,Africa,Furniture,418.88,20,8230.03,4.56,7831.72,0.29,2271.2
2023-03-17,Asia,Clothing,50.03,90,4669.12,4.15,4382.26,0.34,1489.97
2023-03-17,Asia,Electronics,182.55,51,9715.78,4.37,9493.45,0.1,949.35
2023-03-22,North America,Furniture,373.51,19,9731.58,3.75,7470.57,0.3,2241.17
2023-03-22,Asia,Electronics,132.23,51,9152.45,3.34,6945.55,0.1,694.56
2023-03-27,Asia,Furniture,367.94,20,6480.07,3.98,7235.74,0.28,2026.01
2023-03-27,Europe,Office Supplies,29.22,162,2530.61,4.55,4760.95,0.09,428.49
2023-03-29,North America,Furniture,372.1,31,7357.43,3.74,11715.5,0.22,2577.41
2023-03-31,Asia,Accessories,29.43,134,2814.64,4.03,4261.45,0.34,1448.89
2023-04-02,Africa,Accessories,36.76,125,3596.6,4.12,4157.42,0.4,1662.97
2023-04-02,Asia,Furniture,442.02,29,9127.37,3.25,12473.84,0.27,3367.94
2023-04-04,South America,Electronics,184.63,32,7448.41,4.18,6431.58,0.17,1093.37
2023-04-06,Asia,Clothing,48.15,89,3897.69,3.41,4498.3,0.3,1349.49
2023-04-06,South America,Electronics,216.37,39,8911.27,4.11,8713.29,0.17,1481.26
2023-04-06,Africa,Furniture,383.43,20,9664.81,3.26,7675.15,0.19,1458.28
2023-04-09,North America,Office Supplies,24.76,174,2623.01,4.96,4272.63,0.15,640.89
2023-04-09,North America,Furniture,383.06,14,6261.4,4.03,5591.03,0.18,1006.39
2023-04-09,Europe,Home Decor,110.83,34,3023.58,4.37,3869.86,0.16,619.18
2023-04-09,Asia,Clothing,45.84,105,5592.04,4.12,5058.68,0.34,1719.95
2023-04-09,North America,Home Decor,98.31,31,2761.23,4.49,3023.85,0.23,695.49
2023-04-09,Europe,Office Supplies,28.09,181,1599.65,4.21,5216.56,0.07,365.16
2023-04-09,Asia,Office Supplies,21.83,145,1988.53,4.48,2894.43,0.06,173.67
2023-04-10,North America,Accessories,26.71,137,4155.72,4.09,3811.51,0.29,1105.34
2023-04-10,North America,Home Decor,89.7,41,4686.26,4.1,3947.39,0.21,828.95
2023-04-13,South America,Accessories,30.32,148,2821.41,4.57,4946.61,0.45,2225.97
2023-04-13,Asia,Home Decor,101.69,46,4559.22,3.91,4768.13,0.19,905.94
2023-04-14,Asia,Clothing,47.82,93,4272.69,3.67,4952.82,0.36,1783.02
2023-04-14,Africa,Office Supplies,22.62,161,2292.69,4.3,4016.79,0.07,281.18
2023-04-16,Asia,Clothing,47.58,83,4793.82,3.98,3671.17,0.33,1211.49
2023-04-16,Africa,Home Decor,96.26,19,4607.27,4.36,1927.25,0.23,443.27
2023-04-17,North America,Furniture,292.9,12,8760.43,3.82,3951.53,0.21,829.82
2023-04-19,Africa,Office Supplies,23.98,176,2672.58,4.42,4568.71,0.08,365.5
2023-04-22,South America,Accessories,31.95,145,3501.45,4.63,4901.6,0.34,1666.54
2023-04-23,Europe,Office Supplies,25.58,153,1842.42,4.64,4051.57,0.12,486.19
2023-04-23,Africa,Clothing,57.82,107,3459.91,4.12,6440.41,0.23,1481.29
2023-04-23,Europe,Electronics,182.5,54,8825.72,3.63,9720.9,0.19,1846.97
2023-04-25,Europe,Clothing,53.8,137,4704.61,4.65,7353.54,0.21,1544.24
2023-04-26,Asia,Electronics,212.17,58,10825.57,4.94,12898.17,0.17,2192.69
2023-04-27,North America,Accessories,29.81,137,4071.52,4.31,4213.16,0.3,1263.95
2023-04-28,Africa,Furniture,370.58,16,8114.12,3.52,6287.07,0.25,1571.77
2023-04-30,South America,Electronics,190.16,49,7686.3,4.44,9012.4,0.15,1351.86
2023-04-30,South America,Office Supplies,23.77,192,2519.25,4.33,4320.3,0.13,561.64
2023-05-02,North America,Home Decor,120.8,42,3408.23,4.42,5073.87,0.24,1217.73
2023-05-03,Europe,Office Supplies,25.9,172,2864.38,4.76,4231.86,0.14,592.46
2023-05-04,Asia,Home Decor,116.76,39,4044.04,4.12,4561.66,0.22,1003.57
2023-05-05,Africa,Clothing,50.91,82,3750.11,3.86,4435.72,0.22,975.86
2023-05-07,South America,Electronics,185.81,43,9821.67,3.52,8539.83,0.16,1366.37
2023-05-08,Africa,Electronics,207.65,48,10118.59,3.68,10530.84,0.17,1790.24
2023-05-09,Africa,Home Decor,107.94,31,3364.63,4.14,3399.95,0.23,781.99
2023-05-10,Africa,Home Decor,125.12,34,2967.43,4.17,4859.05,0.18,874.63
2023-05-11,North America,Home Decor,94.69,22,3545.44,4.26,2065.71,0.16,330.51
2023-05-11,Asia,Electronics,196.22,55,12768.65,4.21,10823.49,0.17,1839.99
2023-05-11,Africa,Clothing,51.32,102,5457.62,4.29,5563.42,0.38,2114.1
2023-05-12,Asia,Office Supplies,26.38,179,2380.86,4.75,4752.31,0.11,522.75
2023-05-13,Europe,Clothing,49.07,95,4835.26,4.12,4569.46,0.32,1462.23
2023-05-15,North America,Electronics,189.63,49,9102.0,3.43,10144.9,0.15,1521.73
2023-05-15,South America,Home Decor,96.93,35,4249.17,3.74,3543.19,0.23,814.93
2023-05-19,South America,Home Decor,95.06,28,4620.25,3.74,2884.71,0.25,721.18
2023-05-23,Asia,Home Decor,105.59,45,3530.57,4.02,4703.02,0.21,987.63
2023-05-24,North America,Office Supplies,22.26,175,2448.79,4.64,3996.64,0.12,479.6
2023-05-24,North America,Furniture,309.19,18,4369.0,4.47,5482.3,0.25,1370.58
2023-05-24,Africa,Accessories,30.91,138,2001.75,4.14,3933.41,0.3,1180.02
2023-05-24,Europe,Electronics,193.16,43,9111.0,4.36,8889.5,0.15,1333.42
2023-05-27,North America,Furniture,353.5,21,7358.74,3.86,7958.17,0.27,2148.71
2023-05-28,Africa,Electronics,202.92,39,15048.79,3.78,7762.01,0.15,1164.3
2023-05-30,Africa,Home Decor,117.09,38,4451.09,4.36,4486.73,0.19,852.48
2023-05-31,Africa,Home Decor,97.61,42,4803.04,4.63,4357.49,0.15,653.62
2023-05-31,North America,Furniture,352.08,15,7923.71,4.26,5615.44,0.18,1010.78
2023-06-01,Asia,Office Supplies,25.94,149,2382.98,4.45,3959.31,0.1,395.93
2023-06-02,North America,Office Supplies,23.28,159,2051.94,4.06,3924.31,0.06,235.46
2023-06-03,Asia,Accessories,31.35,133,3802.68,4.23,4033.65,0.42,1694.13
2023-06-04,Africa,Accessories,28.86,119,3135.2,3.75,3635.04,0.25,908.76
2023-06-06,Asia,Electronics,198.5,50,8877.07,5.0,10418.56,0.17,1771.16
2023-06-07,Asia,Home Decor,104.84,37,3978.79,4.0,3566.33,0.25,891.58
2023-06-09,Africa,Office Supplies,23.97,163,3464.19,4.66,4222.77,0.06,253.37
2023-06-09,North America,Home Decor,109.74,32,2910.82,4.76,3722.65,0.23,856.21
2023-06-09,South America,Clothing,61.78,97,8657.7,3.89,6616.17,0.25,1654.04
2023-06-10,Europe,Office Supplies,26.15,178,2070.82,4.55,4669.68,0.07,326.88
2023-06-10,South America,Home Decor,84.44,32,3559.89,4.54,2805.82,0.18,505.05
2023-06-10,South America,Clothing,57.91,84,3173.34,4.36,4993.94,0.29,1448.24
2023-06-11,Europe,Home Decor,99.21,30,3886.66,4.09,3180.09,0.15,477.01
2023-06-12,North America,Accessories,32.39,134,2583.02,4.94,4483.81,0.25,1120.95
2023-06-12,Asia,Electronics,241.04,58,11852.14,4.13,14887.07,0.15,2233.06
2023-06-14,North America,Accessories,33.21,127,2370.1,3.91,4454.39,0.33,1469.95
2023-06-16,Africa,Accessories,23.12,149,3101.35,3.98,3540.9,0.28,991.45
2023-06-17,Africa,Accessories,31.63,134,3865.2,3.8,4621.18,0.44,2033.32
2023-06-17,North America,Office Supplies,27.21,145,2359.5,4.55,4221.8,0.11,464.4
2023-06-19,Africa,Furniture,357.32,21,7683.09,4.28,8375.0,0.28,2345.0
2023-06-20,North America,Furniture,318.21,14,10527.9,2.83,4882.97,0.24,1171.91
2023-06-21,South America,Clothing,47.38,106,4583.44,3.77,5558.29,0.24,1333.99
2023-06-23,South America,Office Supplies,26.77,163,1978.73,4.59,4372.55,0.13,568.43
2023-06-25,Africa,Office Supplies,24.06,188,1814.32,4.46,4436.27,0.08,354.9
2023-06-26,North America,Electronics,209.33,40,12167.47,3.6,9040.71,0.18,1627.33
2023-06-29,Asia,Clothing,52.15,97,5336.99,4.42,5251.72,0.3,1575.52
2023-06-30,South America,Accessories,28.62,136,2225.79,3.85,3924.22,0.3,1177.27
2023-07-03,North America,Furniture,362.94,19,7794.02,3.77,7187.42,0.26,1868.73
2023-07-05,Europe,Home Decor,105.84,39,3487.14,3.8,4560.0,0.19,866.4
2023-07-06,Asia,Accessories,35.04,138,2785.09,4.38,4651.34,0.39,1814.02
2023-07-07,South America,Electronics,178.81,44,15296.29,3.98,8084.38,0.12,970.13
2023-07-08,North America,Furniture,331.58,13,9826.61,3.19,4970.6,0.29,1441.47
2023-07-09,North America,Clothing,44.13,96,4848.15,4.74,4315.16,0.39,1682.91
2023-07-09,South America,Accessories,33.84,122,3198.12,4.18,4101.74,0.36,1476.63
2023-07-09,Asia,Accessories,26.41,145,2529.7,4.61,3893.03,0.32,1245.77
2023-07-09,Africa,Clothing,42.39,104,4107.15,3.79,4798.07,0.27,1295.48
2023-07-10,Europe,Furniture,310.03,14,8297.62,3.96,4313.37,0.27,1164.61
2023-07-11,North America,Electronics,182.76,51,12386.08,3.96,9270.76,0.16,1483.32
2023-07-11,Europe,Electronics,214.84,41,10244.28,5.0,8864.86,0.14,1241.08
2023-07-11,Asia,Electronics,186.48,42,8744.03,4.17,8317.5,0.13,1081.28
2023-07-13,South America,Electronics,196.52,47,10598.11,4.23,10599.12,0.15,1589.87
2023-07-14,North America,Office Supplies,28.02,170,2493.96,4.45,4650.53,0.07,325.54
2023-07-15,South America,Clothing,47.65,88,7571.07,4.17,4136.52,0.31,1282.32
2023-07-15,Asia,Home Decor,94.05,34,3480.92,4.08,3544.72,0.16,567.16
2023-07-17,Asia,Electronics,198.73,50,12244.18,4.48,10223.57,0.17,1738.01
2023-07-20,North America,Electronics,214.36,53,8866.87,4.2,11747.96,0.18,2114.63
2023-07-20,South America,Home Decor,110.26,44,4344.28,3.81,5090.42,0.18,916.28
2023-07-21,Asia,Electronics,170.39,49,7481.13,3.75,8814.05,0.11,969.55
2023-07-22,Europe,Furniture,269.36,12,11125.29,3.95,3685.71,0.25,921.43
2023-07-23,Europe,Office Supplies,27.62,155,2757.53,4.29,4527.67,0.13,588.6
2023-07-25,Europe,Office Supplies,27.38,182,2109.52,4.7,5103.2,0.06,306.19
2023-07-26,Europe,Furniture,356.59,19,8213.58,3.72,6844.75,0.24,1642.74
2023-07-27,North America,Accessories,34.89,139,3838.16,4.33,4750.25,0.36,1710.09
2023-08-03,Europe,Furniture,383.79,21,7547.88,4.01,8929.33,0.26,2321.63
2023-08-03,South America,Office Supplies,27.05,160,1751.09,4.52,4160.4,0.11,457.64
2023-08-05,Asia,Accessories,32.66,124,3107.44,4.5,4151.42,0.44,1826.62
2023-08-05,Europe,Clothing,53.37,96,5680.77,3.79,5034.12,0.28,1409.55
2023-08-05,North America,Furniture,320.52,20,12425.82,2.36,6797.39,0.27,1835.3
2023-08-06,South America,Accessories,27.78,140,3151.16,4.21,3911.71,0.37,1447.33
2023-08-06,South America,Office Supplies,25.03,164,2191.16,4.52,4377.79,0.06,262.67
2023-08-08,Asia,Home Decor,109.8,42,5500.46,3.88,4980.41,0.19,946.28
2023-08-08,Asia,Office Supplies,18.87,169,2443.13,4.72,3031.8,0.13,394.13
2023-08-08,South America,Electronics,174.86,47,12239.58,4.05,8330.85,0.15,1249.63
2023-08-11,Africa,Office Supplies,26.02,167,2740.98,4.72,4522.28,0.13,587.9
2023-08-11,North America,Clothing,38.25,106,3953.64,4.33,4025.95,0.28,1127.27
2023-08-13,Europe,Furniture,342.31,18,5229.71,3.81,6243.21,0.23,1435.94
2023-08-13,Africa,Home Decor,91.44,32,4627.33,3.84,2975.5,0.2,595.1
2023-08-13,Europe,Electronics,199.21,39,14201.96,2.95,7521.58,0.14,1053.02
2023-08-14,Europe,Home Decor,101.83,46,4649.09,5.0,4904.0,0.23,1127.92
2023-08-15,North America,Home Decor,88.76,32,4405.96,4.2,2853.0,0.19,542.07
2023-08-18,North America,Home Decor,93.43,34,3998.02,3.35,3260.6,0.18,586.91
2023-08-18,North America,Electronics,144.81,40,9296.75,4.09,6154.02,0.13,800.02
2023-08-19,Africa,Electronics,247.27,47,10174.31,3.73,12100.66,0.14,1694.09
2023-08-19,Africa,Office Supplies,21.9,180,2333.87,4.46,4119.76,0.09,370.78
2023-08-19,Europe,Accessories,27.95,132,3780.3,4.46,3638.72,0.43,1564.65
2023-08-21,South America,Accessories,31.83,133,3650.66,4.35,3657.89,0.37,1353.42
2023-08-21,North America,Home Decor,97.77,34,3314.68,4.02,3577.53,0.21,751.28
2023-08-21,Asia,Furniture,407.36,23,8532.82,4.2,8393.44,0.15,1259.02
2023-08-22,South America,Home Decor,103.39,31,4110.57,3.98,3351.39,0.19,636.76
2023-08-23,Europe,Furniture,413.02,14,7520.3,4.15,5532.57,0.15,829.89
2023-08-25,Africa,Electronics,218.39,42,7695.88,3.74,9356.59,0.17,1590.62
2023-08-29,Africa,Office Supplies,24.87,175,2415.64,4.34,4204.26,0.13,546.55
2023-08-30,Asia,Furniture,334.25,18,7318.62,3.55,6258.43,0.16,1001.35
2023-08-31,Asia,Electronics,204.21,46,13495.37,4.39,9884.03,0.11,1087.24
2023-09-01,South America,Electronics,188.99,59,9971.29,4.44,11102.9,0.11,1221.32
2023-09-03,South America,Home Decor,96.23,36,4329.16,3.86,3439.21,0.23,791.02
2023-09-04,North America,Clothing,45.91,87,4654.08,4.02,4359.61,0.27,1177.09
2023-09-04,Europe,Clothing,44.3,86,3369.32,3.94,3979.63,0.25,994.91
2023-09-09,South America,Furniture,320.94,13,7709.38,3.38,4703.56,0.22,1034.78
2023-09-09,Asia,Electronics,181.55,41,14269.93,4.51,8159.28,0.17,1387.08
2023-09-10,Africa,Furniture,378.43,14,9210.43,4.36,5680.48,0.18,1022.49
2023-09-10,Asia,Home Decor,92.47,42,3786.3,3.67,3901.21,0.24,936.29
2023-09-10,South America,Office Supplies,23.7,183,3108.64,4.67,4527.89,0.05,226.39
2023-09-10,Asia,Office Supplies,30.04,160,3030.3,4.4,5209.07,0.07,364.63
2023-09-11,Africa,Office Supplies,27.32,195,3047.17,4.72,5130.25,0.09,461.72
2023-09-11,North America,Clothing,48.91,88,5121.51,3.9,4609.24,0.23,1060.13
2023-09-11,North America,Electronics,156.88,48,12991.69,3.84,7716.93,0.19,1466.22
2023-09-13,Africa,Home Decor,105.13,34,4112.81,3.71,3452.12,0.22,759.47
2023-09-15,North America,Clothing,47.78,89,6818.01,4.04,4505.56,0.4,1802.22
2023-09-16,North America,Furniture,385.07,17,8300.69,3.78,6926.51,0.24,1662.36
2023-09-20,South America,Electronics,240.67,43,9799.38,4.08,11090.83,0.19,2107.26
2023-09-21,Europe,Home Decor,90.69,43,4315.26,3.74,4140.05,0.18,745.21
2023-09-22,South America,Electronics,180.8,48,7813.03,4.03,8698.1,0.12,1043.77
2023-09-25,Europe,Furniture,331.93,14,8497.92,3.85,4905.92,0.26,1275.54
2023-09-25,Europe,Furniture,377.44,23,8381.57,4.09,9791.82,0.23,2252.12
2023-09-26,North America,Furniture,325.4,16,9689.89,3.96,5256.07,0.2,1051.21
2023-09-27,Europe,Furniture,372.61,17,6926.28,4.13,6650.06,0.21,1396.51
2023-09-28,Africa,Furniture,289.07,23,4140.62,3.66,7001.74,0.2,1400.35
2023-09-28,Asia,Clothing,43.45,101,4421.73,4.02,4729.2,0.38,1797.1
2023-09-29,North America,Office Supplies,22.76,186,2556.03,4.09,4488.35,0.06,269.3
2023-09-30,Africa,Office Supplies,28.56,167,2769.83,4.66,4956.59,0.12,594.79
2023-10-01,Europe,Furniture,401.67,24,8368.7,3.72,9867.55,0.21,2072.19
2023-10-04,Europe,Office Supplies,24.76,192,2569.15,4.61,4670.12,0.11,513.71
2023-10-04,Africa,Clothing,40.38,84,4694.73,4.08,3474.78,0.23,799.2
2023-10-04,Europe,Office Supplies,26.31,168,3025.59,4.36,5033.15,0.07,352.32
2023-10-04,North America,Clothing,60.09,78,5219.8,4.21,4961.71,0.23,1141.19
2023-10-06,Africa,Home Decor,89.2,29,3402.57,4.36,2707.27,0.24,649.74
2023-10-07,Europe,Clothing,55.21,93,4157.63,4.38,5250.83,0.28,1470.23
2023-10-07,Africa,Home Decor,107.73,33,4084.69,3.72,3598.47,0.21,755.68
2023-10-10,Europe,Office Supplies,28.24,161,2755.63,4.31,4722.98,0.09,425.07
2023-10-10,Africa,Clothing,54.02,106,5539.45,4.01,5624.23,0.31,1743.51
2023-10-11,Europe,Furniture,369.87,19,7271.33,3.57,7580.98,0.15,1137.15
2023-10-12,North America,Accessories,32.75,136,3226.48,4.39,4700.32,0.27,1269.09
2023-10-12,Africa,Home Decor,88.85,37,4471.34,3.87,3362.2,0.2,672.44
2023-10-15,Europe,Office Supplies,24.5,154,2022.51,4.42,3802.38,0.14,532.33
2023-10-16,Europe,Electronics,181.42,45,9867.89,4.19,7801.85,0.11,858.2
2023-10-16,Africa,Electronics,244.37,42,11867.48,3.56,11153.61,0.14,1561.51
2023-10-21,Europe,Electronics,173.77,39,10924.93,4.11,6879.3,0.12,825.52
2023-10-23,Africa,Electronics,226.97,54,9302.04,3.88,11410.04,0.15,1711.51
2023-10-25,Africa,Home Decor,95.16,38,5671.47,4.28,3758.18,0.23,864.38
2023-10-28,North America,Office Supplies,26.03,183,2634.14,4.52,4894.15,0.05,244.71
2023-10-29,Africa,Clothing,51.47,86,4525.4,4.28,4968.6,0.34,1689.32
2023-10-29,South America,Office Supplies,25.61,168,3145.11,4.7,4547.37,0.1,454.74
2023-10-31,Europe,Office Supplies,24.35,185,2374.26,4.51,4849.48,0.12,581.94
2023-11-01,North America,Furniture,333.6,16,6296.0,3.8,5797.25,0.17,985.53
2023-11-05,North America,Home Decor,94.71,31,3639.5,4.31,2875.45,0.22,632.6
2023-11-10,North America,Accessories,26.64,127,3401.92,4.52,3746.22,0.4,1498.49
2023-11-10,Africa,Furniture,268.25,19,9980.36,3.8,5841.81,0.25,1460.45
2023-11-12,Asia,Accessories,30.78,139,3798.95,4.45,4358.66,0.33,1438.36
2023-11-14,Africa,Accessories,31.62,116,3276.26,4.85,3958.43,0.27,1068.78
2023-11-17,South America,Office Supplies,23.55,181,2563.0,4.51,4199.75,0.07,293.98
2023-11-19,Africa,Office Supplies,24.05,162,2400.66,4.5,4055.01,0.13,527.15
2023-11-19,Africa,Office Supplies,26.07,158,3099.82,4.61,4410.63,0.11,485.17
2023-11-21,North America,Home Decor,120.36,32,3481.27,4.64,3737.01,0.19,710.03
2023-11-22,Europe,Electronics,214.7,44,13245.18,3.48,10709.13,0.17,1820.55
2023-11-23,Africa,Office Supplies,23.61,164,2740.03,4.51,3905.51,0.11,429.61
2023-11-27,North America,Clothing,45.86,105,7380.19,4.38,4627.47,0.4,1850.99
2023-11-27,Africa,Accessories,30.59,132,2896.97,4.66,4534.85,0.26,1179.06
2023-12-02,Europe,Electronics,170.98,51,10337.12,4.0,9770.3,0.15,1465.54
2023-12-04,Asia,Accessories,32.66,140,2631.59,4.4,4992.96,0.31,1547.82
2023-12-04,Europe,Electronics,199.27,40,8207.94,3.77,8571.35,0.16,1371.42
2023-12-04,South America,Home Decor,94.93,34,4433.67,4.32,3602.15,0.21,756.45
2023-12-05,Africa,Furniture,380.05,22,9233.79,3.96,9549.67,0.17,1623.44
2023-12-06,Europe,Accessories,27.83,132,1956.37,4.6,3759.16,0.27,1014.97
2023-12-06,Africa,Clothing,49.27,82,6293.02,4.33,3832.09,0.38,1456.19
2023-12-07,North America,Electronics,202.63,38,10652.54,3.97,8239.71,0.18,1483.15
2023-12-08,Africa,Office Supplies,22.53,169,2117.98,3.97,3639.36,0.07,254.76
2023-12-08,Africa,Accessories,29.49,142,2118.68,4.32,4329.07,0.39,1688.34
2023-12-08,Europe,Office Supplies,24.69,173,1928.96,4.44,4395.48,0.08,351.64
2023-12-10,Asia,Office Supplies,23.43,166,1789.9,4.71,3994.61,0.1,399.46
2023-12-10,North America,Home Decor,117.49,39,3148.11,3.76,4940.29,0.23,1136.27
2023-12-12,Africa,Home Decor,113.31,38,4037.66,3.62,4598.94,0.22,1011.77
2023-12-12,Africa,Home Decor,98.31,38,3144.63,3.47,3670.02,0.17,623.9
2023-12-12,Asia,Accessories,32.73,147,2795.45,3.79,4700.0,0.33,1551.0
2023-12-12,Europe,Accessories,32.94,123,3587.02,4.64,4271.54,0.4,1708.62
2023-12-14,Africa,Clothing,51.5,90,2622.12,4.59,4682.18,0.39,1826.05
2023-12-15,Europe,Furniture,304.47,19,5100.26,3.75,6172.7,0.27,1666.63
2023-12-15,Asia,Office Supplies,23.86,170,3000.33,4.46,4272.72,0.11,470.0
2023-12-16,Asia,Accessories,25.4,128,2874.65,4.43,3287.76,0.4,1315.1
2023-12-20,Europe,Accessories,28.49,135,1466.21,3.19,4114.21,0.27,1110.84
2023-12-23,Asia,Office Supplies,26.14,182,2558.93,4.68,5049.77,0.13,656.47
2023-12-25,Asia,Clothing,51.03,83,5672.3,4.25,4604.22,0.28,1289.18
2023-12-31,Africa,Electronics,221.27,45,10590.86,3.77,9691.14,0.2,1938.23
2023-12-31,Europe,Clothing,53.21,100,3490.23,4.15,5452.25,0.28,1526.63
2024-01-02,Europe,Accessories,32.74,148,3871.97,4.62,4735.36,0.43,2036.2
2024-01-02,South America,Home Decor,106.28,50,5999.09,3.58,5766.75,0.23,1326.35
2024-01-04,Asia,Office Supplies,21.54,165,2979.57,4.78,3832.48,0.08,306.6
2024-01-05,Africa,Electronics,223.18,31,12208.99,4.55,6914.6,0.18,1244.63
2024-01-08,North America,Accessories,25.33,141,2907.28,4.64,3584.84,0.33,1183.0
2024-01-08,South America,Office Supplies,23.93,179,3160.42,4.52,4886.79,0.1,488.68
2024-01-09,Asia,Electronics,208.66,53,8223.07,2.84,11559.46,0.1,1155.95
2024-01-10,South America,Furniture,324.47,19,6817.57,3.34,6763.23,0.26,1758.44
2024-01-11,Europe,Home Decor,106.54,30,4738.5,4.5,3356.55,0.2,671.31
2024-01-12,Africa,Clothing,41.14,84,5210.55,3.97,3620.36,0.31,1122.31
2024-01-14,Asia,Home Decor,93.13,23,3437.21,3.68,2371.14,0.18,426.81
2024-01-15,Africa,Home Decor,103.8,23,4556.42,3.89,2444.26,0.17,415.52
2024-01-15,Europe,Accessories,30.28,133,2821.04,4.27,3871.59,0.31,1200.19
2024-01-19,Africa,Accessories,35.64,123,2686.17,4.22,4434.34,0.42,1862.42
2024-01-20,Asia,Clothing,45.13,88,6663.0,4.39,4130.48,0.28,1156.53
2024-01-20,South America,Accessories,29.05,132,2731.59,4.02,3917.02,0.25,979.25
2024-01-21,South America,Electronics,207.56,34,10892.06,3.52,6863.3,0.2,1372.66
2024-01-21,South America,Electronics,173.73,43,10847.37,4.02,7804.58,0.14,1092.64
2024-01-21,South America,Office Supplies,22.32,172,1785.57,4.24,3834.81,0.1,383.48
2024-01-22,Europe,Office Supplies,25.01,177,2610.94,4.47,4421.26,0.11,486.34
2024-01-23,Africa,Office Supplies,27.71,171,2171.98,4.46,5032.66,0.1,503.27
2024-01-23,Europe,Home Decor,95.88,33,3588.73,4.18,3035.35,0.21,637.42
2024-01-25,North America,Home Decor,106.58,35,4727.7,4.33,3551.91,0.22,781.42
2024-01-27,Europe,Furniture,301.42,14,7587.22,4.01,4618.29,0.18,831.29
2024-01-27,Asia,Clothing,42.42,99,3991.58,4.35,4434.92,0.24,1064.38
2024-01-28,Asia,Office Supplies,28.14,172,3112.63,4.52,5166.22,0.12,619.95
2024-01-28,North America,Accessories,27.1,120,2787.27,3.85,3260.59,0.35,1141.21
2024-01-28,South America,Office Supplies,25.86,159,2388.28,4.43,3891.93,0.12,467.03
2024-01-28,Europe,Clothing,48.48,76,5944.01,4.2,3932.82,0.28,1101.19
2024-01-29,South America,Accessories,26.27,150,2638.56,4.13,4374.38,0.32,1399.8
2024-01-31,South America,Electronics,206.98,45,7332.7,3.57,9026.01,0.19,1714.94
2024-01-31,Asia,Furniture,364.93,19,10866.02,4.17,7345.2,0.2,1469.04
2024-02-01,North America,Electronics,214.93,46,8530.59,3.78,9717.48,0.11,1068.92
2024-02-01,South America,Electronics,192.87,54,10057.85,4.13,9628.14,0.16,1540.5
2024-02-02,Asia,Furniture,373.73,17,5113.65,3.8,6478.25,0.15,971.74
2024-02-02,North America,Office Supplies,29.57,158,2000.4,4.58,4869.19,0.08,389.54
2024-02-02,Africa,Electronics,154.56,51,9900.81,3.7,7540.16,0.15,1131.02
2024-02-04,Asia,Home Decor,106.56,34,3682.53,4.61,4063.38,0.15,609.51
2024-02-05,Asia,Clothing,47.1,86,3602.5,4.44,4102.69,0.37,1518.0
2024-02-05,South America,Furniture,272.86,18,7128.76,4.17,5302.46,0.25,1325.62
2024-02-06,Africa,Office Supplies,21.09,212,2565.45,4.64,4712.95,0.14,659.81
2024-02-07,South America,Office Supplies,24.39,159,2036.22,4.49,4030.55,0.13,523.97
2024-02-07,North America,Furniture,346.4,15,7590.06,3.98,5326.41,0.25,1331.6
2024-02-08,Africa,Accessories,28.23,147,2771.06,4.48,4295.45,0.42,1804.09
2024-02-11,South America,Office Supplies,24.93,168,2500.87,4.68,4359.14,0.07,305.14
2024-02-11,Africa,Accessories,30.46,136,3603.39,4.35,4244.99,0.34,1443.3
2024-02-12,Asia,Accessories,31.71,122,2032.79,4.61,3914.6,0.32,1252.67
2024-02-15,Africa,Home Decor,113.27,31,2743.98,3.8,3641.07,0.25,910.27
2024-02-17,Africa,Electronics,200.38,47,9031.55,4.41,9406.79,0.18,1693.22
2024-02-18,Africa,Accessories,30.48,125,3027.37,4.26,4064.08,0.37,1503.71
2024-02-19,Africa,Office Supplies,23.21,163,2568.74,4.43,3641.54,0.11,400.57
2024-02-19,Europe,Accessories,31.15,152,3994.29,3.98,4698.55,0.3,1409.57
2024-02-20,Asia,Office Supplies,26.14,165,2427.8,4.56,4779.49,0.1,477.95
2024-02-21,Asia,Furniture,385.7,21,7715.74,3.81,7699.46,0.19,1462.9
2024-02-22,Asia,Office Supplies,26.14,186,2010.58,4.49,4754.17,0.13,618.04
2024-02-23,Africa,Clothing,49.95,78,4158.67,4.13,3932.62,0.31,1219.11
2024-02-24,North America,Clothing,51.09,86,4456.41,4.43,4290.43,0.35,1501.65
2024-02-24,South America,Electronics,218.81,36,10511.28,3.96,8227.73,0.18,1480.99
2024-02-26,Europe,Furniture,369.3,14,7308.73,3.59,5325.95,0.2,1065.19
2024-02-26,Africa,Clothing,50.95,80,4817.93,4.58,3783.78,0.38,1437.84
2024-03-02,Asia,Clothing,63.16,85,4157.2,4.31,5747.42,0.36,2069.07
2024-03-03,Asia,Home Decor,94.84,34,3879.63,3.82,3715.23,0.24,891.66
2024-03-07,Africa,Home Decor,111.18,27,5113.73,4.34,3024.43,0.22,665.37
2024-03-10,North America,Clothing,51.05,90,3933.87,4.3,4413.8,0.31,1368.28
2024-03-11,Asia,Accessories,30.75,134,2853.89,3.88,4684.88,0.34,1592.86
2024-03-13,Africa,Office Supplies,25.53,173,2099.47,4.18,4406.48,0.06,264.39
2024-03-14,North America,Home Decor,95.06,37,3996.59,3.73,3311.08,0.23,761.55
2024-03-17,Asia,Home Decor,112.22,34,5458.79,4.34,3815.27,0.25,953.82
2024-03-17,Europe,Clothing,53.99,86,4852.19,3.3,5094.9,0.24,1222.78
2024-03-19,North America,Accessories,28.49,133,2208.56,3.94,3859.22,0.44,1698.06
2024-03-20,Europe,Furniture,373.49,16,6701.19,2.75,6639.27,0.23,1527.03
2024-03-22,South America,Clothing,56.65,94,4982.04,4.43,5256.75,0.27,1419.32
2024-03-28,South America,Clothing,42.57,97,5724.6,4.51,4161.37,0.22,915.5
2024-03-28,North America,Electronics,211.11,47,9648.97,4.22,11324.58,0.11,1245.7
2024-03-28,Asia,Clothing,51.7,96,4431.98,3.91,5172.79,0.26,1344.93
2024-03-30,Europe,Office Supplies,27.44,145,2749.09,4.27,3964.01,0.11,436.04
2024-03-30,North America,Accessories,25.21,129,2932.16,4.06,3341.79,0.44,1470.39
2024-03-31,Africa,Clothing,46.45,97,6076.39,3.64,4341.08,0.23,998.45
2024-03-31,North America,Home Decor,97.67,37,4739.53,3.67,3554.51,0.23,817.54
2024-04-01,Asia,Furniture,417.77,19,10551.93,3.86,8130.64,0.27,2195.27
2024-04-03,North America,Office Supplies,23.5,154,2414.01,4.57,3780.25,0.08,302.42
2024-04-04,North America,Accessories,28.42,148,3490.1,4.61,3903.74,0.37,1444.38
2024-04-04,Asia,Office Supplies,20.45,159,2704.42,4.5,3588.45,0.14,502.38
2024-04-05,Africa,Furniture,356.09,13,8372.95,4.13,5269.28,0.21,1106.55
2024-04-06,Africa,Office Supplies,26.98,167,1830.42,4.42,4987.44,0.08,399.0
2024-04-06,Europe,Home Decor,108.54,43,3886.33,4.47,4867.52,0.2,973.5
2024-04-08,Europe,Accessories,28.25,162,3806.09,4.41,4409.24,0.44,1940.07
2024-04-11,Europe,Home Decor,104.93,37,4692.76,3.55,3750.93,0.15,562.64
2024-04-13,South America,Accessories,27.73,139,2232.12,4.29,4084.9,0.27,1102.92
2024-04-14,Europe,Home Decor,97.42,33,4668.98,3.62,3294.03,0.16,527.04
2024-04-15,South America,Home Decor,107.94,37,4313.19,4.05,4254.41,0.25,1063.6
2024-04-16,North America,Office Supplies,28.72,167,1350.82,4.36,4597.96,0.15,689.69
2024-04-16,North America,Clothing,44.03,89,4776.83,4.05,4019.48,0.22,884.29
2024-04-17,South America,Office Supplies,24.35,148,2620.32,4.42,4006.68,0.06,240.4
2024-04-17,South America,Clothing,55.8,85,6533.16,4.25,4759.6,0.35,1665.86
2024-04-17,Asia,Office Supplies,25.81,155,2811.97,4.53,3812.07,0.1,381.21
2024-04-18,Europe,Furniture,344.12,20,6571.57,4.55,6833.73,0.19,1298.41
2024-04-18,Africa,Office Supplies,27.48,146,2243.72,4.79,4357.13,0.09,392.14
2024-04-19,North America,Office Supplies,27.03,189,2890.06,4.89,5729.71,0.13,744.86
2024-04-19,North America,Accessories,33.21,129,3209.73,4.71,4483.73,0.42,1883.17
2024-04-20,South America,Home Decor,87.62,35,4349.39,4.01,2831.21,0.23,651.18
2024-04-21,South America,Electronics,191.89,53,8049.24,4.02,10382.7,0.15,1557.4
2024-04-21,Europe,Clothing,48.85,88,5341.91,4.18,4679.18,0.39,1824.88
2024-04-21,Asia,Office Supplies,24.41,172,2689.04,4.33,4203.27,0.12,504.39
2024-04-25,North America,Home Decor,93.72,46,5005.35,3.98,4529.31,0.22,996.45
2024-04-28,North America,Electronics,190.61,47,9097.67,4.25,9855.21,0.19,1872.49
2024-04-29,Asia,Electronics,216.63,38,9316.82,4.51,8241.56,0.15,1236.23
2024-04-29,Africa,Office Supplies,29.22,163,2303.73,4.42,4128.19,0.14,577.95
2024-05-02,Africa,Accessories,27.54,130,3597.81,4.61,3604.75,0.38,1369.81
2024-05-03,Europe,Electronics,196.51,51,8065.33,4.21,9840.84,0.14,1377.72
2024-05-04,North America,Home Decor,88.61,35,5336.79,4.41,3269.8,0.16,523.17
2024-05-04,Asia,Electronics,214.65,38,13324.02,3.99,8405.87,0.17,1429.0
2024-05-06,Europe,Electronics,183.5,44,11642.91,3.86,7975.2,0.13,1036.78
2024-05-06,Europe,Electronics,211.12,41,8775.89,3.67,9590.76,0.2,1918.15
2024-05-07,South America,Furniture,337.34,15,11133.85,3.24,5116.56,0.22,1125.64
2024-05-07,North America,Electronics,156.52,41,15768.46,4.41,7171.71,0.13,932.32
2024-05-10,North America,Home Decor,98.88,36,4796.57,3.6,3769.69,0.2,753.94
2024-05-11,Europe,Furniture,339.43,24,8517.92,3.92,8628.18,0.17,1466.79
2024-05-11,North America,Furniture,311.64,12,8943.65,4.74,3996.56,0.29,1159.0
2024-05-11,Africa,Home Decor,108.27,30,3422.87,3.67,3322.81,0.16,531.65
2024-05-13,Africa,Electronics,211.3,57,10090.82,4.26,12721.94,0.19,2417.17
2024-05-13,South America,Home Decor,88.06,40,4226.44,3.81,3616.2,0.19,687.08
2024-05-14,Europe,Electronics,185.02,47,12337.69,4.27,8520.17,0.19,1618.83
2024-05-15,Europe,Home Decor,93.21,30,4884.01,4.18,3120.68,0.24,748.96
2024-05-17,Asia,Furniture,346.93,20,7063.64,3.36,6939.61,0.29,2012.49
2024-05-17,Europe,Clothing,47.29,74,3752.8,4.03,3650.61,0.36,1314.22
2024-05-18,North America,Home Decor,93.03,36,3499.2,4.19,3233.36,0.23,743.67
2024-05-19,Europe,Electronics,208.98,45,10499.27,4.26,9422.13,0.11,1036.43
2024-05-20,Africa,Electronics,234.6,48,5333.3,3.51,12443.56,0.16,1990.97
2024-05-20,Europe,Furniture,423.19,13,8607.36,3.97,5167.18,0.23,1188.45
2024-05-20,South America,Home Decor,95.27,36,4912.25,3.74,3569.15,0.21,749.52
2024-05-23,South America,Electronics,218.64,53,11335.32,4.08,12885.69,0.13,1675.14
2024-05-24,Africa,Electronics,197.88,43,8321.36,3.96,8633.98,0.1,863.4
2024-05-24,South America,Home Decor,116.33,29,4107.23,3.21,3484.53,0.15,522.68
2024-05-25,Africa,Furniture,369.08,16,8810.57,3.23,6284.54,0.16,1005.53
2024-05-25,Europe,Clothing,50.39,84,4952.89,4.84,4537.32,0.25,1134.33
2024-05-25,North America,Clothing,51.49,89,5312.56,3.84,4902.19,0.35,1715.77
2024-05-25,Africa,Office Supplies,28.57,181,2376.34,4.5,5293.44,0.07,370.54
2024-05-26,Asia,Accessories,28.34,141,2037.75,4.67,3860.66,0.41,1582.87
2024-05-26,South America,Accessories,28.19,134,2806.8,3.39,3826.67,0.27,1033.2
2024-05-27,Europe,Electronics,180.42,53,9642.29,3.95,9785.65,0.15,1467.85
2024-05-30,Europe,Office Supplies,25.07,172,3068.9,4.56,4224.42,0.09,380.2
2024-05-30,North America,Clothing,45.39,78,5701.5,4.67,3581.12,0.27,966.9
2024-05-31,Asia,Clothing,49.15,93,5416.97,4.17,4689.46,0.23,1078.58
2024-06-01,Europe,Clothing,43.36,75,3095.26,4.66,3306.95,0.3,992.08
2024-06-02,Asia,Accessories,25.38,126,3669.71,4.26,3468.96,0.45,1561.03
2024-06-04,North America,Electronics,192.32,43,8012.64,4.2,7654.33,0.13,995.06
2024-06-05,Europe,Home Decor,113.97,33,4259.65,4.31,3920.08,0.15,588.01
2024-06-08,Europe,Home Decor,78.34,35,3811.9,4.1,2792.53,0.25,698.13
2024-06-08,Africa,Furniture,322.62,17,5247.02,4.83,6180.97,0.21,1298.0
2024-06-08,North America,Office Supplies,30.59,173,2110.44,4.37,5255.28,0.05,262.76
2024-06-21,South America,Clothing,54.42,83,4533.37,3.97,4353.14,0.31,1349.47
2024-06-24,Europe,Clothing,48.81,93,6642.02,4.25,4469.99,0.38,1698.6
2024-06-28,Africa,Electronics,178.49,35,8936.22,4.69,6588.16,0.16,1054.11
2024-06-30,North America,Clothing,55.87,84,5793.61,4.37,5031.36,0.26,1308.15
2024-06-30,Europe,Furniture,384.17,15,5253.53,3.25,6139.42,0.19,1166.49
2024-07-01,Africa,Furniture,346.27,16,7433.36,4.17,5712.73,0.27,1542.44
2024-07-04,Asia,Office Supplies,24.95,179,1764.46,4.7,4517.07,0.09,406.54
2024-07-04,Africa,Electronics,171.81,43,11792.57,3.91,7821.23,0.11,860.34
2024-07-07,Asia,Office Supplies,25.07,179,2954.48,4.53,4366.41,0.14,611.3
2024-07-09,North America,Furniture,303.73,15,6405.73,4.13,4154.7,0.19,789.39
2024-07-09,South America,Clothing,51.39,79,5108.0,3.82,4183.92,0.37,1548.05
2024-07-09,South America,Office Supplies,25.59,180,2173.56,4.37,4655.34,0.07,325.87
2024-07-10,Africa,Home Decor,96.4,37,4531.51,4.43,3374.13,0.23,776.05
2024-07-13,North America,Electronics,221.71,36,4901.15,3.9,8204.11,0.15,1230.62
2024-07-14,Africa,Home Decor,102.73,30,6003.04,4.31,3204.89,0.17,544.83
2024-07-15,Africa,Electronics,197.84,45,6894.97,4.44,8545.27,0.19,1623.6
2024-07-16,North America,Clothing,43.86,97,3485.08,4.18,4398.76,0.34,1495.58
2024-07-16,North America,Electronics,176.19,41,11436.55,4.52,7200.32,0.13,936.04
2024-07-17,Europe,Furniture,324.94,16,7735.99,4.04,5519.7,0.27,1490.32
2024-07-17,South America,Electronics,222.53,43,12225.74,4.07,9581.9,0.15,1437.28
2024-07-17,Europe,Clothing,46.09,87,4817.01,4.34,3848.28,0.38,1462.35
2024-07-18,South America,Furniture,374.93,22,6042.88,3.96,9173.64,0.15,1376.05
2024-07-18,Europe,Office Supplies,23.26,158,3373.69,4.55,3662.32,0.08,292.99
2024-07-19,South America,Accessories,30.43,139,2773.85,4.61,4596.71,0.39,1792.72
2024-07-19,Asia,Accessories,29.23,120,3971.44,4.81,3670.98,0.38,1394.97
2024-07-19,Europe,Electronics,210.08,49,8351.35,3.69,10068.69,0.16,1610.99
2024-07-20,North America,Electronics,167.78,48,7880.1,4.33,7609.19,0.2,1521.84
2024-07-22,Europe,Home Decor,101.72,25,4324.58,4.01,2951.43,0.18,531.26
2024-07-23,South America,Clothing,49.45,100,5201.54,3.94,5261.66,0.22,1157.57
2024-07-23,Asia,Furniture,380.37,16,6479.78,4.21,6750.28,0.17,1147.55
2024-07-25,Africa,Furniture,349.31,22,10664.49,4.31,8612.93,0.19,1636.46
2024-07-25,Asia,Office Supplies,26.97,186,2708.6,4.62,5357.61,0.13,696.49
2024-07-27,Europe,Furniture,360.58,16,6913.11,3.65,6540.78,0.27,1766.01
2024-07-27,Europe,Furniture,370.59,16,5280.8,4.14,5826.21,0.18,1048.72
2024-07-28,North America,Furniture,319.85,11,6462.82,3.47,3453.75,0.15,518.06
2024-07-28,Europe,Furniture,347.79,19,7745.65,2.88,6503.38,0.28,1820.95
2024-07-30,North America,Office Supplies,23.92,162,2468.82,4.41,4017.18,0.13,522.23
2024-07-31,South America,Accessories,29.99,153,2433.68,3.82,4601.36,0.45,2070.61
2024-08-02,Asia,Office Supplies,28.96,165,2783.11,4.63,5010.31,0.13,651.34
2024-08-03,Europe,Furniture,396.44,11,7672.61,3.99,4635.24,0.23,1066.11
2024-08-09,South America,Clothing,51.05,95,5736.08,4.57,5113.25,0.22,1124.91
2024-08-10,South America,Home Decor,82.62,39,3545.53,4.59,3585.2,0.17,609.48
2024-08-15,Asia,Home Decor,105.13,34,4135.14,3.82,3660.78,0.16,585.72
2024-08-18,Africa,Furniture,385.49,22,7219.92,2.94,8854.67,0.23,2036.57
2024-08-23,North America,Accessories,35.32,140,3884.43,4.28,4704.32,0.27,1270.17
2024-08-23,Asia,Clothing,50.97,100,5442.72,4.54,5516.92,0.29,1599.91
2024-08-24,Asia,Office Supplies,26.14,153,2787.84,4.79,4222.56,0.14,591.16
2024-08-26,Asia,Office Supplies,27.13,196,3044.35,4.33,5114.04,0.09,460.26
2024-08-27,Europe,Clothing,46.53,90,5216.3,3.98,4689.02,0.33,1547.38
2024-08-29,Europe,Clothing,56.3,95,4588.09,3.98,5501.44,0.37,2035.53
2024-08-29,Africa,Electronics,217.14,44,12423.34,4.56,9967.17,0.18,1794.09
2024-08-30,Africa,Electronics,202.22,41,9524.2,4.66,9009.98,0.11,991.1
2024-08-30,Europe,Furniture,315.45,18,4477.33,3.6,6138.17,0.29,1780.07
2024-08-31,Asia,Electronics,172.47,47,12098.25,4.24,8968.23,0.19,1703.96
2024-08-31,Europe,Accessories,32.35,144,2890.3,4.44,4767.77,0.38,1811.75
2024-09-01,Asia,Electronics,189.2,47,6500.02,3.54,8932.88,0.18,1607.92
2024-09-02,Asia,Electronics,221.06,37,8743.33,3.7,8340.26,0.15,1251.04
2024-09-03,Africa,Office Supplies,26.21,191,2007.89,4.66,4767.76,0.09,429.1
2024-09-03,Africa,Accessories,31.39,146,3012.7,4.46,4544.53,0.36,1636.03
2024-09-04,Europe,Furniture,286.8,22,8617.85,4.47,6294.19,0.26,1636.49
2024-09-04,Africa,Electronics,205.18,43,11711.47,4.42,8053.99,0.12,966.48
2024-09-04,Asia,Home Decor,87.5,27,4201.85,4.06,2478.6,0.19,470.93
2024-09-04,South America,Furniture,318.64,18,9574.28,3.67,6010.88,0.17,1021.85
2024-09-06,Europe,Clothing,44.89,96,4797.32,4.43,4508.55,0.2,901.71
2024-09-08,Europe,Accessories,34.99,139,3322.3,4.47,5014.16,0.33,1654.67
2024-09-11,Africa,Electronics,187.53,49,7428.39,3.45,9377.17,0.12,1125.26
2024-09-11,Africa,Home Decor,87.06,35,4280.01,3.29,3152.76,0.2,630.55
2024-09-15,Asia,Office Supplies,25.28,173,1708.18,4.61,4303.69,0.13,559.48
2024-09-16,North America,Electronics,186.45,48,9362.75,4.47,9200.33,0.19,1748.06
2024-09-16,Africa,Office Supplies,30.43,177,2331.55,4.39,5773.15,0.08,461.85
2024-09-17,Europe,Office Supplies,25.19,161,3592.89,4.36,4338.19,0.06,260.29
2024-09-17,South America,Office Supplies,23.71,169,2152.76,4.67,4152.98,0.14,581.42
2024-09-19,Africa,Office Supplies,28.6,174,2769.42,4.41,5145.96,0.08,411.68
2024-09-19,Asia,Furniture,319.94,26,11023.99,3.62,8159.96,0.2,1631.99
2024-09-24,North America,Home Decor,108.52,35,4715.62,4.27,4101.07,0.2,820.21
2024-09-25,Europe,Home Decor,110.52,32,3239.31,4.81,3951.98,0.23,908.96
2024-09-25,South America,Home Decor,113.01,32,3012.98,4.15,3571.11,0.21,749.93
2024-09-25,Asia,Clothing,52.4,90,7063.25,3.9,5172.5,0.37,1913.83
2024-09-27,South America,Office Supplies,25.3,164,2199.17,4.54,4378.8,0.07,306.52
2024-09-29,Europe,Home Decor,87.95,36,4745.07,3.56,3238.18,0.23,744.78
2024-09-29,Africa,Furniture,353.88,18,9710.85,3.63,6579.86,0.15,986.98
2024-09-30,Africa,Furniture,376.13,9,8358.2,3.1,3448.05,0.2,689.61
2024-10-01,North America,Furniture,313.69,18,5624.18,3.98,5736.39,0.24,1376.73
2024-10-01,South America,Home Decor,96.81,30,5277.7,4.31,3184.11,0.16,509.46
2024-10-01,Europe,Clothing,54.55,88,5161.17,3.94,4907.9,0.36,1766.84
2024-10-02,Africa,Home Decor,108.41,26,4635.79,4.59,2887.96,0.18,519.83
2024-10-02,North America,Furniture,347.67,20,8067.76,3.48,7291.61,0.19,1385.41
2024-10-03,Africa,Clothing,44.1,97,4684.9,3.77,4004.94,0.34,1361.68
2024-10-04,North America,Accessories,33.68,133,3095.85,3.75,4463.35,0.27,1205.1
2024-10-07,Europe,Office Supplies,20.85,187,2087.86,4.52,3773.53,0.08,301.88
2024-10-08,Europe,Clothing,50.13,106,5631.22,4.16,5130.71,0.34,1744.44
2024-10-09,North America,Office Supplies,26.14,161,2563.77,4.37,4777.24,0.13,621.04
2024-10-09,North America,Home Decor,101.51,34,5044.5,4.75,3762.85,0.24,903.08
2024-10-10,Asia,Furniture,358.65,16,8505.37,3.75,6248.1,0.22,1374.58
2024-10-13,Asia,Office Supplies,26.22,165,2701.1,4.7,4671.9,0.12,560.63
2024-10-14,Europe,Furniture,382.56,13,6555.1,2.92,5294.58,0.22,1164.81
2024-10-15,Europe,Accessories,34.58,157,3281.25,4.19,5573.28,0.42,2340.78
2024-10-16,Asia,Office Supplies,25.57,171,2330.71,4.47,4562.27,0.09,410.6
2024-10-17,North America,Accessories,37.45,142,3133.85,4.62,5452.71,0.29,1581.29
2024-10-17,Europe,Clothing,44.63,93,4036.31,3.9,4592.42,0.31,1423.65
2024-10-18,North America,Electronics,171.18,41,11075.03,3.16,7221.41,0.18,1299.85
2024-10-18,Asia,Clothing,51.71,101,4587.62,4.14,5194.46,0.28,1454.45
2024-10-19,Europe,Home Decor,89.66,34,5618.34,4.11,3030.8,0.17,515.24
2024-10-20,North America,Office Supplies,19.04,161,1732.49,4.3,3193.24,0.15,478.99
2024-10-20,North America,Office Supplies,28.32,154,3166.74,4.9,3908.66,0.11,429.95
2024-10-20,South America,Furniture,312.43,17,7075.22,3.4,5387.87,0.15,808.18
2024-10-20,Asia,Accessories,29.88,134,1418.42,4.33,3844.11,0.41,1576.09
2024-10-21,Africa,Electronics,143.88,39,8643.39,3.39,5883.82,0.17,1000.25
2024-10-23,Europe,Clothing,49.28,85,4625.2,4.51,4637.43,0.21,973.86
2024-10-24,Africa,Accessories,26.49,146,2998.79,4.26,3792.47,0.37,1403.21
2024-10-24,Asia,Clothing,51.41,87,5361.22,3.95,5031.82,0.31,1559.86
2024-10-25,Africa,Furniture,269.96,20,9099.94,3.24,6001.85,0.19,1140.35
2024-10-25,South America,Electronics,222.0,43,13212.53,4.1,9261.01,0.15,1389.15
2024-10-25,Africa,Electronics,172.85,49,8370.99,3.92,8838.61,0.17,1502.56
2024-10-25,Asia,Clothing,60.55,87,4750.03,4.77,5303.79,0.21,1113.8
2024-10-26,Europe,Accessories,26.32,136,3819.88,4.17,3710.0,0.25,927.5
2024-10-31,North America,Home Decor,110.5,32,4343.14,4.48,3436.82,0.17,584.26
2024-10-31,South America,Home Decor,107.75,47,3679.85,4.11,4933.1,0.22,1085.28
2024-11-02,Africa,Accessories,33.56,145,3369.47,4.41,5588.01,0.43,2402.84
2024-11-02,Europe,Clothing,55.45,96,6671.58,4.14,5197.17,0.38,1974.92
2024-11-03,Asia,Office Supplies,21.51,160,2961.92,4.35,3607.46,0.12,432.9
2024-11-05,South America,Clothing,45.69,83,4482.41,4.44,3995.32,0.34,1358.41
2024-11-05,Africa,Furniture,323.32,22,7394.84,2.41,7522.62,0.3,2256.79
2024-11-06,Africa,Home Decor,132.55,28,4330.1,3.42,3912.79,0.17,665.17
2024-11-07,North America,Furniture,361.96,16,7883.44,4.54,6291.9,0.22,1384.22
2024-11-11,Europe,Furniture,315.91,23,8875.43,3.87,7398.06,0.22,1627.57
2024-11-12,Asia,Accessories,32.24,133,2619.91,4.01,4872.98,0.38,1851.73
2024-11-12,Europe,Office Supplies,24.32,166,2219.73,4.41,3814.83,0.06,228.89
2024-11-12,South America,Home Decor,99.33,42,4748.83,4.49,4157.15,0.16,665.14
2024-11-12,North America,Accessories,33.01,141,3244.26,4.06,4810.43,0.39,1876.07
2024-11-14,South America,Office Supplies,24.23,168,2500.36,4.58,4275.87,0.09,384.83
2024-11-14,Asia,Office Supplies,27.04,167,2845.86,4.53,4776.92,0.15,716.54
2024-11-14,Europe,Office Supplies,21.23,183,3012.25,4.43,4062.21,0.08,324.98
2024-11-15,Europe,Electronics,195.63,38,10277.29,3.3,7452.17,0.11,819.74
2024-11-16,Asia,Clothing,43.94,93,3730.9,4.13,4029.4,0.23,926.76
2024-11-17,Africa,Accessories,25.39,151,2316.18,4.79,3705.72,0.27,1000.54
2024-11-18,South America,Furniture,319.3,15,7332.33,3.68,4775.39,0.16,764.06
2024-11-19,Asia,Accessories,34.09,129,3721.23,4.34,4279.62,0.3,1283.89
2024-11-20,Asia,Office Supplies,24.96,153,2346.05,4.54,4044.87,0.14,566.28
2024-11-21,South America,Home Decor,103.3,38,3787.39,3.25,3823.91,0.24,917.74
2024-11-21,Africa,Office Supplies,25.61,157,2722.37,4.37,4059.2,0.09,365.33
2024-11-22,Europe,Electronics,252.5,47,5310.06,4.59,12038.35,0.12,1444.6
2024-11-22,South America,Office Supplies,28.58,150,1783.88,4.42,4159.86,0.13,540.78
2024-11-23,Europe,Furniture,301.6,19,6640.41,4.07,6196.78,0.17,1053.45
2024-11-25,South America,Electronics,219.26,36,11140.68,3.9,7979.64,0.14,1117.15
2024-11-27,Africa,Electronics,211.18,35,10222.37,3.71,8625.31,0.12,1035.04
2024-11-28,South America,Accessories,32.36,125,2968.88,4.0,4242.29,0.37,1569.65
2024-11-29,North America,Accessories,31.18,141,3432.41,4.21,4693.7,0.45,2112.16
2024-11-29,Europe,Furniture,328.52,14,5706.36,3.66,4312.18,0.27,1164.29
2024-11-29,Africa,Furniture,323.39,18,9630.1,3.29,6069.73,0.25,1517.43
2024-11-30,Asia,Accessories,30.07,140,2856.0,4.32,4424.08,0.36,1592.67
2024-11-30,Africa,Furniture,322.56,16,7538.92,2.77,5352.79,0.27,1445.25
2024-12-01,Africa,Clothing,42.81,101,6212.78,3.7,4313.65,0.25,1078.41
2024-12-02,South America,Office Supplies,28.8,165,3120.7,4.17,4595.83,0.06,275.75
2024-12-03,North America,Home Decor,86.88,43,3929.14,4.36,3967.16,0.24,952.12
2024-12-04,Asia,Furniture,402.7,12,7292.55,4.36,5169.57,0.27,1395.78
2024-12-06,Asia,Accessories,30.39,147,3348.06,4.17,4553.73,0.32,1457.19
2024-12-10,South America,Clothing,42.9,86,6759.7,4.39,4053.84,0.28,1135.08
2024-12-10,Asia,Clothing,44.03,100,5537.36,4.05,4619.98,0.33,1524.59
2024-12-11,Asia,Clothing,48.27,103,4697.7,4.16,5332.36,0.26,1386.41
2024-12-18,North America,Clothing,40.72,106,3725.01,4.33,4359.89,0.3,1307.97
2024-12-20,Africa,Electronics,216.18,41,9944.34,4.53,8467.17,0.15,1270.08
2024-12-20,Africa,Electronics,185.13,50,10806.38,4.11,8859.89,0.15,1328.98
2024-12-25,North America,Furniture,324.34,12,6652.0,3.69,4266.68,0.25,1066.67
2024-12-26,North America,Clothing,49.38,107,5255.43,3.8,5514.11,0.33,1819.66
2024-12-27,Asia,Clothing,47.52,88,6497.7,4.15,4647.23,0.33,1533.59
2024-12-27,Asia,Home Decor,105.49,30,2180.84,4.09,3159.07,0.23,726.59
2024-12-27,North America,Clothing,44.76,85,5856.94,4.08,4079.31,0.36,1468.55
2024-12-28,Asia,Furniture,367.8,13,8769.69,3.76,5329.88,0.18,959.38
2024-12-29,Asia,Clothing,58.63,97,4200.71,3.67,5409.58,0.34,1839.26
2024-12-29,South America,Home Decor,96.53,27,3390.32,3.61,2643.18,0.2,528.64
2024-12-30,Europe,Furniture,303.41,22,5941.18,4.08,6503.68,0.22,1430.81
2024-12-30,South America,Clothing,50.33,96,4824.55,4.5,4869.4,0.21,1022.57
2025-01-02,South America,Clothing,37.38,81,5604.68,3.62,3167.26,0.39,1235.23
2025-01-03,Europe,Accessories,34.49,135,3583.66,4.33,4622.03,0.35,1617.71
2025-01-03,Asia,Accessories,29.8,126,2947.01,4.38,3934.89,0.27,1062.42
2025-01-04,Europe,Electronics,181.54,53,8703.38,4.26,9909.61,0.19,1882.83
2025-01-04,Europe,Office Supplies,27.74,162,2190.95,4.52,3755.47,0.06,225.33
2025-01-05,North America,Office Supplies,25.2,183,2900.11,4.5,4698.03,0.11,516.78
2025-01-05,North America,Home Decor,103.82,37,3995.71,4.49,3724.53,0.19,707.66
2025-01-08,South America,Home Decor,101.87,35,5213.39,4.09,3840.57,0.2,768.11
2025-01-08,Asia,Accessories,29.91,124,2750.81,4.49,3799.69,0.29,1101.91
2025-01-10,South America,Furniture,356.84,19,4526.62,3.34,6190.53,0.24,1485.73
2025-01-12,South America,Furniture,383.68,12,10735.73,3.7,4643.35,0.26,1207.27
2025-01-14,South America,Home Decor,102.44,34,4545.71,4.34,3728.46,0.24,894.83
2025-01-14,North America,Home Decor,94.33,37,5400.49,3.72,3770.55,0.19,716.4
2025-01-17,Asia,Home Decor,107.89,36,4370.51,4.19,4194.88,0.24,1006.77
2025-01-18,Africa,Clothing,47.04,100,5202.33,3.8,4928.6,0.28,1380.01
2025-01-18,North America,Accessories,31.26,131,4493.68,4.53,4371.09,0.32,1398.75
2025-01-19,Europe,Electronics,218.69,51,5153.91,3.46,11755.05,0.15,1763.26
2025-01-19,Africa,Home Decor,98.25,28,3942.89,4.0,3044.25,0.24,730.62
2025-01-20,Asia,Electronics,210.48,49,9998.89,4.42,11231.42,0.12,1347.77
2025-01-20,North America,Furniture,378.37,21,7498.01,3.24,9370.25,0.24,2248.86
2025-01-21,South America,Office Supplies,22.64,178,2725.43,4.37,4355.92,0.05,217.8
2025-01-23,North America,Home Decor,107.1,32,4180.04,4.32,3398.95,0.22,747.77
2025-01-27,North America,Electronics,261.74,52,9747.79,4.47,14085.06,0.13,1831.06
2025-01-28,South America,Home Decor,105.41,39,4700.7,4.45,4512.56,0.24,1083.01
2025-01-28,North America,Office Supplies,22.9,159,2855.0,4.65,3845.58,0.09,346.1
2025-01-30,Europe,Accessories,29.76,141,2741.6,4.2,4714.16,0.27,1272.82
2025-01-31,North America,Office Supplies,26.09,189,2087.65,4.56,5154.67,0.12,618.56
2025-01-31,Europe,Accessories,28.96,123,1975.7,4.52,3676.13,0.28,1029.32
2025-02-02,North America,Clothing,58.57,81,4203.06,3.97,4892.54,0.32,1565.61
2025-02-02,Asia,Home Decor,86.86,33,3975.65,4.6,2745.55,0.22,604.02
2025-02-02,South America,Home Decor,106.94,41,5681.95,4.11,4310.41,0.17,732.77
2025-02-05,Europe,Clothing,46.81,97,4565.23,4.44,4991.96,0.33,1647.35
2025-02-05,North America,Electronics,184.62,43,10772.01,3.94,7516.39,0.18,1352.95
2025-02-07,Africa,Home Decor,115.15,37,2831.23,4.52,4144.84,0.19,787.52
2025-02-07,North America,Home Decor,98.77,37,3457.99,4.03,3635.28,0.15,545.29
2025-02-08,Asia,Accessories,24.15,150,3620.92,4.55,3644.76,0.26,947.64
2025-02-09,Europe,Clothing,43.0,94,7258.83,4.0,4284.21,0.32,1370.95
2025-02-10,North America,Home Decor,106.33,34,3169.53,4.1,3559.26,0.16,569.48
2025-02-11,South America,Office Supplies,23.85,159,2604.7,4.39,3780.54,0.08,302.44
2025-02-12,Africa,Accessories,29.41,131,2771.52,4.52,4149.69,0.31,1286.4
2025-02-14,Europe,Home Decor,108.3,30,3703.6,3.86,3150.7,0.15,472.6
2025-02-14,South America,Accessories,27.6,147,4111.13,3.66,4015.75,0.32,1285.04
2025-02-14,South America,Furniture,400.4,14,5465.15,3.9,5493.51,0.26,1428.31
2025-02-14,South America,Clothing,42.17,87,5765.45,4.5,3853.69,0.28,1079.03
2025-02-15,Africa,Accessories,28.36,134,3323.49,4.59,4123.95,0.28,1154.71
2025-02-17,South America,Clothing,51.23,89,5549.22,3.88,4532.67,0.25,1133.17
2025-02-18,Asia,Office Supplies,24.98,159,1736.45,4.64,3845.26,0.11,422.98
2025-02-18,South America,Office Supplies,23.17,182,2517.39,4.56,4415.63,0.1,441.56
2025-02-21,Asia,Office Supplies,27.77,160,1645.35,4.53,4832.7,0.09,434.94
2025-02-21,Africa,Clothing,46.59,98,4605.67,4.23,4875.61,0.33,1608.95
2025-02-23,North America,Accessories,28.26,158,3470.38,4.84,4491.85,0.33,1482.31
2025-02-25,Europe,Accessories,27.59,125,3663.37,4.16,3508.19,0.41,1438.36
2025-02-25,North America,Electronics,188.38,53,8353.59,4.42,10343.01,0.12,1241.16
2025-02-28,South America,Clothing,51.16,88,4612.88,3.76,4716.42,0.21,990.45
2025-03-01,South America,Electronics,229.61,39,11386.8,4.09,9667.57,0.17,1643.49
2025-03-02,Asia,Clothing,57.29,99,3936.35,4.78,6055.73,0.36,2180.06
2025-03-02,North America,Office Supplies,27.19,145,2263.27,4.52,3653.18,0.09,328.79
2025-03-02,Europe,Furniture,288.14,24,8942.6,3.93,6743.89,0.22,1483.66
2025-03-03,South America,Electronics,205.95,51,12015.01,4.02,10673.18,0.11,1174.05
2025-03-05,Europe,Home Decor,82.21,40,4635.55,4.4,3411.96,0.16,545.91
2025-03-05,Africa,Office Supplies,31.09,175,3815.72,4.83,5529.75,0.07,387.08
2025-03-06,Africa,Office Supplies,26.18,178,2823.12,4.52,4645.94,0.09,418.13
2025-03-06,Africa,Home Decor,87.59,35,4637.6,3.56,2961.1,0.18,533.0
2025-03-06,Europe,Electronics,193.58,48,9512.95,3.55,8690.49,0.16,1390.48
2025-03-08,Europe,Accessories,29.03,138,2697.47,4.59,4141.29,0.26,1076.74
2025-03-08,Africa,Clothing,48.18,85,5014.49,3.86,4077.22,0.31,1263.94
2025-03-08,South America,Furniture,387.78,23,7857.22,3.93,9567.33,0.24,2296.16
2025-03-10,North America,Furniture,293.09,9,10158.21,3.8,3198.24,0.28,895.51
2025-03-11,Africa,Home Decor,103.8,32,4240.82,5.0,3444.35,0.2,688.87
2025-03-12,South America,Office Supplies,24.61,173,3116.46,4.54,4194.29,0.05,209.71
2025-03-12,Africa,Accessories,31.61,141,3252.09,3.91,4443.52,0.32,1421.93
2025-03-14,South America,Home Decor,96.4,28,3007.17,3.73,2758.34,0.21,579.25
2025-03-15,Europe,Furniture,264.89,22,8538.54,3.56,6285.79,0.19,1194.3
2025-03-16,South America,Electronics,202.21,53,10929.6,4.51,10864.99,0.13,1412.45
2025-03-17,Africa,Electronics,224.44,39,12708.88,4.37,8254.91,0.12,990.59
2025-03-21,Africa,Accessories,33.92,130,2722.59,3.88,4556.52,0.28,1275.83
2025-03-23,Europe,Electronics,197.96,40,11801.16,4.01,7676.13,0.18,1381.7
2025-03-26,Asia,Furniture,312.98,14,5553.04,3.01,4146.83,0.27,1119.64
2025-03-26,Asia,Office Supplies,23.5,167,2196.35,4.59,4165.97,0.08,333.28
2025-03-26,North America,Accessories,28.18,141,4267.41,4.43,3644.24,0.3,1093.27
2025-03-26,South America,Accessories,29.19,134,3219.39,4.2,4072.44,0.36,1466.08
2025-03-28,North America,Office Supplies,30.14,181,2357.06,4.66,5707.3,0.07,399.51
2025-03-29,Europe,Office Supplies,29.73,165,2846.06,4.25,4938.33,0.12,592.6
2025-03-29,Europe,Office Supplies,23.45,167,3460.58,4.51,4054.59,0.14,567.64
2025-03-30,South America,Furniture,375.5,19,8123.22,3.94,7351.85,0.22,1617.41
2025-03-30,South America,Electronics,171.0,44,7673.08,4.52,7231.83,0.16,1157.09
2025-04-01,Africa,Office Supplies,25.12,166,2979.36,4.4,4617.91,0.09,415.61
2025-04-01,Africa,Electronics,221.32,47,11086.91,3.94,10656.34,0.13,1385.32
2025-04-02,Europe,Furniture,261.89,13,10333.13,4.09,3847.84,0.15,577.18
2025-04-04,Europe,Clothing,48.59,100,4460.79,4.44,5122.91,0.34,1741.79
2025-04-05,Africa,Office Supplies,19.76,179,2688.45,4.17,3555.45,0.11,391.1
2025-04-06,Africa,Home Decor,91.42,34,4129.25,4.31,3308.37,0.25,827.09
2025-04-07,South America,Furniture,322.82,21,6329.37,4.15,6635.08,0.2,1327.02
2025-04-08,Africa,Electronics,189.15,48,8335.28,3.63,9150.17,0.13,1189.52
2025-04-09,North America,Office Supplies,23.52,154,2648.53,4.47,3673.22,0.07,257.13
2025-04-09,Asia,Furniture,358.27,16,7391.84,3.54,5732.63,0.15,859.89
2025-04-10,South America,Clothing,43.29,88,6440.59,4.22,4230.99,0.31,1311.61
2025-04-11,Asia,Office Supplies,27.03,178,2434.94,4.66,4581.51,0.05,229.08
2025-04-12,Asia,Clothing,53.02,96,4710.77,4.26,5135.78,0.23,1181.23
2025-04-13,Africa,Home Decor,107.95,37,4113.15,4.8,4136.41,0.24,992.74
2025-04-14,Africa,Clothing,46.62,91,5345.2,4.29,4166.12,0.24,999.87
2025-04-15,South America,Accessories,31.66,148,2095.88,3.98,5358.52,0.38,2036.24
2025-04-16,Europe,Electronics,208.98,47,11107.91,3.71,10570.55,0.12,1268.47
2025-04-16,South America,Accessories,32.65,130,3494.8,4.4,4321.19,0.35,1512.42
2025-04-17,North America,Furniture,399.05,24,6390.63,4.28,9306.72,0.25,2326.68
2025-04-18,North America,Accessories,28.47,117,3286.77,4.37,3468.13,0.35,1213.85
2025-04-18,Africa,Accessories,34.11,136,3457.04,4.52,4676.07,0.37,1730.15
2025-04-19,Asia,Accessories,30.87,145,2943.06,4.39,5060.42,0.27,1366.31
2025-04-20,Europe,Clothing,54.43,89,5033.97,4.22,5352.91,0.36,1927.05
2025-04-21,Asia,Electronics,216.98,30,10134.81,3.71,6709.41,0.14,939.32
2025-04-22,North America,Accessories,27.7,147,2420.09,4.42,3833.63,0.26,996.74
2025-04-28,North America,Electronics,175.98,42,10710.11,3.65,7363.9,0.17,1251.86
2025-04-30,South America,Furniture,361.77,17,9732.29,2.93,5970.27,0.18,1074.65
2025-05-01,Africa,Electronics,190.5,53,8414.11,3.93,10085.41,0.2,2017.08
2025-05-01,South America,Furniture,311.66,13,10667.3,3.74,4682.14,0.2,936.43
2025-05-03,Asia,Clothing,51.5,93,5036.76,3.64,4994.17,0.38,1897.78
2025-05-03,Europe,Clothing,51.77,114,4768.17,4.3,5977.08,0.3,1793.12
2025-05-04,Europe,Office Supplies,29.48,171,2015.87,4.59,5063.21,0.08,405.06
2025-05-06,Europe,Office Supplies,24.03,159,2815.2,4.06,3790.0,0.14,530.6
2025-05-06,North America,Home Decor,93.51,37,3712.41,4.03,3689.9,0.22,811.78
2025-05-07,North America,Clothing,46.41,93,4024.23,4.15,4406.65,0.2,881.33
2025-05-10,South America,Accessories,29.09,125,2431.31,4.7,3943.13,0.32,1261.8
2025-05-10,Africa,Electronics,218.27,36,9704.56,3.72,8027.26,0.1,802.73
2025-05-10,South America,Office Supplies,27.02,170,2507.68,4.55,4682.49,0.11,515.07
2025-05-12,Europe,Furniture,398.1,22,7793.21,3.42,9048.48,0.22,1990.67
2025-05-13,North America,Furniture,319.18,20,6085.21,3.39,7050.22,0.22,1551.05
2025-05-13,Africa,Accessories,28.61,127,2954.18,4.41,3794.38,0.45,1707.47
2025-05-16,Africa,Home Decor,94.93,44,3223.78,4.9,4682.88,0.24,1123.89
2025-05-16,Europe,Clothing,53.95,90,5442.57,4.61,4854.7,0.38,1844.79
2025-05-16,Europe,Electronics,220.06,51,14099.15,3.99,12398.26,0.13,1611.77
2025-05-18,South America,Furniture,286.48,23,8136.2,3.53,6910.37,0.29,2004.01
2025-05-20,Asia,Home Decor,89.23,27,4490.1,3.66,2792.3,0.18,502.61
2025-05-21,North America,Clothing,48.62,73,4713.88,4.38,3578.4,0.27,966.17
2025-05-21,Asia,Furniture,325.76,25,9498.66,3.56,8958.49,0.17,1522.94
2025-05-21,North America,Home Decor,94.05,27,4146.45,3.54,2653.71,0.24,636.89
2025-05-21,Asia,Electronics,198.62,40,11795.52,3.72,8366.12,0.16,1338.58
2025-05-21,North America,Home Decor,107.33,36,3161.74,3.49,4266.73,0.18,768.01
2025-05-22,Africa,Accessories,30.24,134,2088.93,4.79,4099.3,0.39,1598.73
2025-05-25,Europe,Furniture,352.1,24,6717.27,5.0,9237.63,0.24,2217.03
2025-05-26,Asia,Accessories,30.91,133,2674.61,4.21,3836.35,0.33,1266.0
2025-05-27,Africa,Accessories,23.6,130,3042.53,4.62,3034.53,0.35,1062.09
2025-05-28,North America,Furniture,383.27,17,6656.61,4.76,6830.39,0.3,2049.12
2025-05-28,South America,Office Supplies,27.51,170,1908.11,4.24,4384.98,0.13,570.05
2025-05-29,South America,Office Supplies,25.53,165,2954.6,4.49,4098.71,0.12,491.85
2025-05-30,South America,Accessories,33.92,134,2789.09,4.72,4727.33,0.44,2080.03
2025-05-30,North America,Accessories,27.33,131,2619.92,4.35,3863.19,0.32,1236.22
2025-06-01,Europe,Furniture,332.07,23,8951.62,3.19,7865.62,0.19,1494.47
2025-06-01,Africa,Home Decor,96.43,31,3890.45,3.9,2930.15,0.16,468.82
2025-06-02,South America,Furniture,319.23,13,7035.72,3.83,4541.37,0.26,1180.76
2025-06-02,Europe,Accessories,22.49,134,3255.32,4.35,3160.69,0.28,884.99
2025-06-03,Asia,Furniture,353.99,16,8653.96,3.69,5792.02,0.23,1332.16
2025-06-03,South America,Home Decor,99.29,30,3260.56,4.38,3082.4,0.18,554.83
2025-06-09,Africa,Furniture,294.26,21,8294.61,4.09,6392.61,0.23,1470.3
2025-06-10,Asia,Accessories,27.46,136,3275.63,4.82,3975.52,0.26,1033.64
2025-06-10,Asia,Home Decor,107.37,32,4303.77,4.19,3364.38,0.24,807.45
2025-06-14,Africa,Clothing,45.93,100,5605.46,4.31,4873.96,0.39,1900.84
2025-06-14,North America,Furniture,348.74,24,8235.07,3.34,8623.23,0.2,1724.65
2025-06-14,Asia,Clothing,46.19,94,4452.72,4.02,4516.16,0.26,1174.2
2025-06-15,Africa,Clothing,41.63,77,6829.96,3.72,3688.02,0.32,1180.17
2025-06-15,South America,Clothing,50.69,88,4927.46,3.95,4890.88,0.28,1369.45
2025-06-16,Asia,Furniture,354.21,16,10711.22,4.13,6083.25,0.29,1764.14
2025-06-16,Asia,Home Decor,88.17,35,3624.32,4.25,3054.02,0.2,610.8
2025-06-18,North America,Furniture,314.63,19,5629.15,4.07,6534.84,0.24,1568.36
2025-06-21,Africa,Home Decor,96.2,36,3011.71,3.67,3425.92,0.24,822.22
2025-06-21,North America,Accessories,34.69,134,2057.44,4.07,4595.93,0.26,1194.94
2025-06-24,South America,Clothing,51.67,78,2850.69,3.83,4168.03,0.32,1333.77
2025-06-25,South America,Office Supplies,30.68,171,2031.93,4.72,5154.06,0.13,670.03
2025-06-26,Asia,Clothing,53.84,83,3132.66,4.2,4472.61,0.27,1207.6
2025-06-26,North America,Office Supplies,25.31,179,2723.73,4.73,4692.2,0.09,422.3
2025-06-30,Europe,Furniture,338.26,16,5209.21,4.26,6094.15,0.24,1462.6
